{
    "auc": 0.9982132437509907,
    "precision": 0.9760479041916168,
    "recall": 0.9772182254196643,
    "f1": 0.9766327142001199
}